mutation_rate,mean_identity_pct,recall_mean,recall_min,recall_max
0.0,100.0,0.3642485460667279,0.3642485460667279,0.3642485460667279
0.1,90.0,0.3162534435261708,0.3116008570554025,0.32353841444750536
0.2,80.0,0.2556473829201102,0.25007652280379555,0.261095806550352
0.3,70.0,0.2036730945821855,0.19467401285583102,0.20875420875420875
0.4,60.0,0.16014692378328743,0.15702479338842976,0.16467707376798285
0.5,50.0,0.12543617998163453,0.11906948270584634,0.13070094888276707
0.6,40.0,0.10333639424548516,0.0958065503520049,0.10774410774410774
0.7,30.0,0.08331802877257423,0.08203244566880931,0.08417508417508418
0.8,20.0,0.07101316192225282,0.06580961126415671,0.0731558004285277
