query,strand,frame,nt_start,nt_end,aa_length,score,above_threshold
recoded_Q7Z1Y7,+,0,0,960,320,0.4556,False
recoded_Q7Z1Y7,+,1,4,322,106,0.5758,False
recoded_Q7Z1Y7,+,1,400,514,38,0.8760,False
recoded_Q7Z1Y7,+,1,607,700,31,0.9564,False
recoded_Q7Z1Y7,+,1,874,963,29,0.9339,False
recoded_Q7Z1Y7,+,2,11,101,30,0.9689,True
recoded_Q7Z1Y7,-,0,0,246,82,0.7322,False
recoded_Q7Z1Y7,-,0,249,369,40,0.9592,False
recoded_Q7Z1Y7,-,0,396,501,35,0.9512,False
recoded_Q7Z1Y7,-,0,504,579,25,0.9822,True
recoded_Q7Z1Y7,-,0,606,726,40,0.8879,False
recoded_Q7Z1Y7,-,0,729,864,45,0.8822,False
recoded_Q7Z1Y7,-,1,178,352,58,0.9745,True
recoded_Q7Z1Y7,-,1,541,700,53,0.5469,False
recoded_Q7Z1Y7,-,1,703,790,29,0.9776,True
recoded_Q7Z1Y7,-,1,793,868,25,0.9929,True
recoded_Q7Z1Y7,-,2,113,290,59,0.8585,False
recoded_Q7Z1Y7,-,2,440,620,60,0.8741,False
recoded_Q7Z1Y7,-,2,653,770,39,0.8529,False
recoded_Q7Z1Y7,-,2,818,959,47,0.4921,False
